Timestamp,Date,Stablecoins Mcap,Bridged TVL
1652313600000,2022-05-12,279413636,
1652400000000,2022-05-13,285409816,
1652486400000,2022-05-14,281313730,
1652572800000,2022-05-15,281956820,
1652659200000,2022-05-16,281780355,
1652745600000,2022-05-17,282057335,
1652832000000,2022-05-18,258091269,
1652918400000,2022-05-19,258920842,
1653004800000,2022-05-20,264507216,
1653091200000,2022-05-21,267237742,
1653177600000,2022-05-22,268772020,
1653264000000,2022-05-23,270276518,
1653350400000,2022-05-24,274137110,
1653436800000,2022-05-25,274091491,
1653523200000,2022-05-26,255176009,
1653609600000,2022-05-27,262647252,
1653696000000,2022-05-28,258849080,
1653782400000,2022-05-29,249754936,
1653868800000,2022-05-30,250083108,
1653955200000,2022-05-31,303836729,
1654041600000,2022-06-01,331319944,
1654128000000,2022-06-02,361239009,
1654214400000,2022-06-03,372718556,
1654300800000,2022-06-04,386103568,
1654387200000,2022-06-05,390742530,
1654473600000,2022-06-06,389487106,
1654560000000,2022-06-07,389088959,
1654646400000,2022-06-08,385673556,
1654732800000,2022-06-09,384743576,
1654819200000,2022-06-10,381440060,
1654905600000,2022-06-11,381667140,
1654992000000,2022-06-12,380625369,
1655078400000,2022-06-13,378980823,
1655164800000,2022-06-14,373035787,
1655251200000,2022-06-15,373988969,
1655337600000,2022-06-16,371851806,
1655424000000,2022-06-17,370677371,
1655510400000,2022-06-18,368438850,
1655596800000,2022-06-19,368810579,
1655683200000,2022-06-20,370557317,
1655769600000,2022-06-21,372893019,
1655856000000,2022-06-22,374365672,
1655942400000,2022-06-23,382032451,
1656028800000,2022-06-24,379430325,
1656115200000,2022-06-25,378573407,
1656201600000,2022-06-26,377595291,
1656288000000,2022-06-27,375630112,
1656374400000,2022-06-28,381677914,
1656460800000,2022-06-29,382757505,
1656547200000,2022-06-30,341891316,
1656633600000,2022-07-01,343056611,
1656720000000,2022-07-02,341230072,
1656806400000,2022-07-03,341068381,
1656892800000,2022-07-04,341824485,
1656979200000,2022-07-05,334812509,
1657065600000,2022-07-06,333508339,
1657152000000,2022-07-07,334619880,
1657238400000,2022-07-08,335233519,
1657324800000,2022-07-09,335757359,
1657411200000,2022-07-10,335939112,
1657497600000,2022-07-11,327102480,
1657584000000,2022-07-12,328965040,
1657670400000,2022-07-13,323968390,
1657756800000,2022-07-14,323817069,
1657843200000,2022-07-15,330060496,
1657929600000,2022-07-16,331363007,
1658016000000,2022-07-17,334515968,
1658102400000,2022-07-18,336127710,
1658188800000,2022-07-19,334330877,
1658275200000,2022-07-20,347599763,
1658361600000,2022-07-21,353161971,
1658448000000,2022-07-22,357568758,
1658534400000,2022-07-23,368739794,
1658620800000,2022-07-24,367473397,
1658707200000,2022-07-25,372281448,
1658793600000,2022-07-26,374586207,
1658880000000,2022-07-27,368062567,
1658966400000,2022-07-28,381259410,
1659052800000,2022-07-29,401475743,
1659139200000,2022-07-30,424320341,
1659225600000,2022-07-31,435589881,
1659312000000,2022-08-01,442361839,
1659398400000,2022-08-02,444975635,
1659484800000,2022-08-03,448312349,
1659571200000,2022-08-04,432620605,
1659657600000,2022-08-05,521779489,
1659744000000,2022-08-06,653878394,
1659830400000,2022-08-07,718058720,
1659916800000,2022-08-08,743825886,
1660003200000,2022-08-09,778092695,
1660089600000,2022-08-10,778203871,
1660176000000,2022-08-11,768916274,
1660262400000,2022-08-12,771677019,
1660348800000,2022-08-13,775073341,
1660435200000,2022-08-14,762084716,
1660521600000,2022-08-15,758599101,
1660608000000,2022-08-16,751070317,
1660694400000,2022-08-17,757812338,
1660780800000,2022-08-18,758212033,
1660867200000,2022-08-19,734806935,
1660953600000,2022-08-20,731740957,
1661040000000,2022-08-21,711822830,
1661126400000,2022-08-22,711731256,
1661212800000,2022-08-23,700142665,
1661299200000,2022-08-24,720996173,
1661385600000,2022-08-25,723077418,
1661472000000,2022-08-26,693420754,
1661558400000,2022-08-27,690706835,
1661644800000,2022-08-28,693537791,
1661731200000,2022-08-29,688623995,
1661817600000,2022-08-30,689932732,
1661904000000,2022-08-31,698698944,
1661990400000,2022-09-01,683957535,
1662076800000,2022-09-02,690616117,
1662163200000,2022-09-03,692327142,
1662249600000,2022-09-04,689849766,
1662336000000,2022-09-05,691132249,
1662422400000,2022-09-06,694470901,
1662508800000,2022-09-07,696739833,
1662595200000,2022-09-08,704643622,
1662681600000,2022-09-09,697768467,
1662768000000,2022-09-10,704544150,
1662854400000,2022-09-11,707704846,
1662940800000,2022-09-12,710536258,
1663027200000,2022-09-13,710312798,
1663113600000,2022-09-14,710570805,
1663200000000,2022-09-15,708131399,
1663286400000,2022-09-16,712325740,
1663372800000,2022-09-17,718903686,
1663459200000,2022-09-18,723367996,
1663545600000,2022-09-19,724236802,
1663632000000,2022-09-20,725235305,
1663718400000,2022-09-21,725629171,
1663804800000,2022-09-22,717659120,
1663891200000,2022-09-23,722019990,
1663977600000,2022-09-24,725068112,
1664064000000,2022-09-25,727783805,
1664150400000,2022-09-26,719677120,
1664236800000,2022-09-27,719879844,
1664323200000,2022-09-28,721013438,
1664409600000,2022-09-29,741497177,
1664496000000,2022-09-30,754540810,
1664582400000,2022-10-01,755359196,
1664668800000,2022-10-02,754661195,
1664755200000,2022-10-03,763295733,
1664841600000,2022-10-04,768023960,
1664928000000,2022-10-05,767276697,
1665014400000,2022-10-06,767247547,
1665100800000,2022-10-07,778045200,
1665187200000,2022-10-08,776805933,
1665273600000,2022-10-09,778776663,
1665360000000,2022-10-10,780574831,
1665446400000,2022-10-11,772425805,
1665532800000,2022-10-12,782124693,
1665619200000,2022-10-13,782139626,
1665705600000,2022-10-14,782323786,
1665792000000,2022-10-15,788266955,
1665878400000,2022-10-16,787504891,
1665964800000,2022-10-17,788335997,
1666051200000,2022-10-18,764843863,
1666137600000,2022-10-19,772578637,
1666224000000,2022-10-20,771669258,
1666310400000,2022-10-21,774530930,
1666396800000,2022-10-22,770731839,
1666483200000,2022-10-23,769930001,
1666569600000,2022-10-24,768402958,
1666656000000,2022-10-25,763147165,
1666742400000,2022-10-26,766253077,
1666828800000,2022-10-27,772415542,
1666915200000,2022-10-28,746735686,
1667001600000,2022-10-29,748593472,
1667088000000,2022-10-30,752908607,
1667174400000,2022-10-31,746932819,
1667260800000,2022-11-01,741344362,
1667347200000,2022-11-02,740790471,
1667433600000,2022-11-03,735192984,
1667520000000,2022-11-04,700679553,
1667606400000,2022-11-05,699767360,
1667692800000,2022-11-06,689934660,
1667779200000,2022-11-07,688806232,
1667865600000,2022-11-08,686387682,
1667952000000,2022-11-09,683701521,
1668038400000,2022-11-10,680889987,
1668124800000,2022-11-11,670139512,
1668211200000,2022-11-12,657607270,
1668297600000,2022-11-13,651018739,
1668384000000,2022-11-14,646631577,
1668470400000,2022-11-15,603944279,
1668556800000,2022-11-16,601051903,
1668643200000,2022-11-17,597077987,
1668729600000,2022-11-18,595235400,
1668816000000,2022-11-19,578532735,
1668902400000,2022-11-20,575457501,
1668988800000,2022-11-21,570874034,
1669075200000,2022-11-22,556700857,
1669161600000,2022-11-23,556808934,
1669248000000,2022-11-24,556253152,
1669334400000,2022-11-25,556730377,
1669420800000,2022-11-26,559947164,
1669507200000,2022-11-27,560736386,
1669593600000,2022-11-28,551936741,
1669680000000,2022-11-29,531346970,
1669766400000,2022-11-30,523287810,
1669852800000,2022-12-01,522566446,
1669939200000,2022-12-02,525614393,
1670025600000,2022-12-03,525927561,
1670112000000,2022-12-04,514715036,
1670198400000,2022-12-05,520184238,
1670284800000,2022-12-06,518924723,
1670371200000,2022-12-07,520363639,
1670457600000,2022-12-08,521807042,
1670544000000,2022-12-09,522179491,
1670630400000,2022-12-10,521550834,
1670716800000,2022-12-11,521591507,
1670803200000,2022-12-12,522814220,
1670889600000,2022-12-13,518611454,
1670976000000,2022-12-14,520890409,
1671062400000,2022-12-15,523451992,
1671148800000,2022-12-16,518453173,
1671235200000,2022-12-17,514462934,
1671321600000,2022-12-18,514395162,
1671408000000,2022-12-19,514086538,
1671494400000,2022-12-20,516165217,
1671580800000,2022-12-21,522406240,
1671667200000,2022-12-22,525172681,
1671753600000,2022-12-23,523488733,
1671840000000,2022-12-24,523494840,
1671926400000,2022-12-25,523736938,
1672012800000,2022-12-26,526356833,
1672099200000,2022-12-27,524268261,
1672185600000,2022-12-28,525144238,
1672272000000,2022-12-29,523947221,
1672358400000,2022-12-30,524289251,
1672444800000,2022-12-31,524853181,
1672531200000,2023-01-01,529791866,
1672617600000,2023-01-02,529375446,
1672704000000,2023-01-03,530697004,
1672790400000,2023-01-04,530279406,
1672876800000,2023-01-05,533545410,
1672963200000,2023-01-06,535406830,
1673049600000,2023-01-07,537012935,
1673136000000,2023-01-08,540680632,
1673222400000,2023-01-09,541095152,
1673308800000,2023-01-10,543069161,
1673395200000,2023-01-11,545055842,
1673481600000,2023-01-12,549436329,
1673568000000,2023-01-13,553758184,
1673654400000,2023-01-14,558635825,
1673740800000,2023-01-15,564051787,
1673827200000,2023-01-16,567154714,
1673913600000,2023-01-17,572945053,
1674000000000,2023-01-18,566767722,
1674086400000,2023-01-19,572117198,
1674172800000,2023-01-20,577576723,
1674259200000,2023-01-21,580321321,
1674345600000,2023-01-22,586510419,
1674432000000,2023-01-23,590849462,
1674518400000,2023-01-24,598016351,
1674604800000,2023-01-25,606042933,
1674691200000,2023-01-26,617303538,
1674777600000,2023-01-27,624510171,
1674864000000,2023-01-28,628088615,
1674950400000,2023-01-29,635636458,
1675036800000,2023-01-30,637077202,
1675123200000,2023-01-31,642326722,
1675209600000,2023-02-01,646057778,
1675296000000,2023-02-02,650034959,
1675382400000,2023-02-03,660403647,
1675468800000,2023-02-04,669359258,
1675555200000,2023-02-05,672524664,
1675641600000,2023-02-06,673947419,
1675728000000,2023-02-07,681376078,
1675814400000,2023-02-08,696150420,
1675900800000,2023-02-09,705380539,
1675987200000,2023-02-10,703226561,
1676073600000,2023-02-11,700453444,
1676160000000,2023-02-12,686789539,
1676246400000,2023-02-13,675013347,
1676332800000,2023-02-14,663612714,
1676419200000,2023-02-15,646144227,
1676505600000,2023-02-16,631098843,
1676592000000,2023-02-17,621636361,
1676678400000,2023-02-18,630788185,
1676764800000,2023-02-19,616781984,
1676851200000,2023-02-20,593316763,
1676937600000,2023-02-21,599257884,
1677024000000,2023-02-22,614883543,
1677110400000,2023-02-23,616230309,
1677196800000,2023-02-24,620086487,
1677283200000,2023-02-25,623921327,
1677369600000,2023-02-26,624703642,
1677456000000,2023-02-27,625681734,
1677542400000,2023-02-28,628355946,
1677628800000,2023-03-01,642827708,
1677715200000,2023-03-02,642953446,
1677801600000,2023-03-03,643944333,
1677888000000,2023-03-04,650213322,
1677974400000,2023-03-05,655176253,
1678060800000,2023-03-06,655926614,
1678147200000,2023-03-07,659247912,
1678233600000,2023-03-08,660637441,
1678320000000,2023-03-09,662174057,
1678406400000,2023-03-10,657558503,
1678492800000,2023-03-11,650647541,
1678579200000,2023-03-12,618313465,
1678665600000,2023-03-13,639777617,
1678752000000,2023-03-14,657235005,
1678838400000,2023-03-15,661418380,
1678924800000,2023-03-16,666163697,
1679011200000,2023-03-17,675428879,
1679097600000,2023-03-18,678545561,
1679184000000,2023-03-19,685206549,
1679270400000,2023-03-20,686355291,
1679356800000,2023-03-21,686029656,
1679443200000,2023-03-22,684487376,
1679529600000,2023-03-23,688062166,
1679616000000,2023-03-24,662967727,
1679702400000,2023-03-25,673478591,
1679788800000,2023-03-26,676059731,
1679875200000,2023-03-27,669500733,
1679961600000,2023-03-28,669070276,
1680048000000,2023-03-29,666603492,
1680134400000,2023-03-30,665652265,
1680220800000,2023-03-31,656210581,
1680307200000,2023-04-01,658102144,
1680393600000,2023-04-02,661272876,
1680480000000,2023-04-03,662610694,
1680566400000,2023-04-04,662977095,
1680652800000,2023-04-05,654712698,
1680739200000,2023-04-06,658233632,
1680825600000,2023-04-07,658636992,
1680912000000,2023-04-08,660405417,
1680998400000,2023-04-09,674126845,
1681084800000,2023-04-10,669406763,
1681171200000,2023-04-11,671367208,
1681257600000,2023-04-12,671611810,
1681344000000,2023-04-13,656649275,
1681430400000,2023-04-14,653584099,
1681516800000,2023-04-15,649605659,
1681603200000,2023-04-16,644724512,
1681689600000,2023-04-17,648974879,
1681776000000,2023-04-18,649086297,
1681862400000,2023-04-19,650822784,
1681948800000,2023-04-20,657618813,
1682035200000,2023-04-21,660395096,
1682121600000,2023-04-22,661972274,
1682208000000,2023-04-23,664938972,
1682294400000,2023-04-24,666470645,
1682380800000,2023-04-25,657012616,
1682467200000,2023-04-26,658036414,
1682553600000,2023-04-27,659794257,
1682640000000,2023-04-28,643820292,
1682726400000,2023-04-29,628391136,
1682812800000,2023-04-30,628595329,
1682899200000,2023-05-01,628927331,
1682985600000,2023-05-02,626936324,
1683072000000,2023-05-03,629278319,
1683158400000,2023-05-04,626512282,
1683244800000,2023-05-05,629092843,
1683331200000,2023-05-06,629260282,
1683417600000,2023-05-07,625756345,
1683504000000,2023-05-08,626346902,
1683590400000,2023-05-09,628623645,
1683676800000,2023-05-10,630077588,
1683763200000,2023-05-11,627748652,
1683849600000,2023-05-12,629586148,
1683936000000,2023-05-13,629215127,
1684022400000,2023-05-14,628360868,
1684108800000,2023-05-15,613104761,
1684195200000,2023-05-16,613569688,
1684281600000,2023-05-17,611486458,
1684368000000,2023-05-18,597606297,
1684454400000,2023-05-19,600324712,
1684540800000,2023-05-20,599437135,
1684627200000,2023-05-21,599713500,
1684713600000,2023-05-22,600475273,
1684800000000,2023-05-23,599359048,
1684886400000,2023-05-24,598633009,
1684972800000,2023-05-25,588391554,
1685059200000,2023-05-26,586862452,
1685145600000,2023-05-27,587077410,
1685232000000,2023-05-28,588831858,
1685318400000,2023-05-29,588402989,
1685404800000,2023-05-30,589190613,
1685491200000,2023-05-31,589843086,
1685577600000,2023-06-01,591397950,
1685664000000,2023-06-02,590715118,
1685750400000,2023-06-03,598822821,
1685836800000,2023-06-04,600280347,
1685923200000,2023-06-05,601319269,
1686009600000,2023-06-06,603258857,
1686096000000,2023-06-07,603645292,
1686182400000,2023-06-08,604685467,
1686268800000,2023-06-09,604033471,
1686355200000,2023-06-10,598814043,
1686441600000,2023-06-11,593370006,
1686528000000,2023-06-12,591770027,
1686614400000,2023-06-13,590605313,
1686700800000,2023-06-14,594433250,
1686787200000,2023-06-15,597179341,
1686873600000,2023-06-16,596678763,
1686960000000,2023-06-17,602207291,
1687046400000,2023-06-18,603240597,
1687132800000,2023-06-19,601764196,
1687219200000,2023-06-20,593094250,
1687305600000,2023-06-21,594574474,
1687392000000,2023-06-22,592758533,
1687478400000,2023-06-23,605628132,
1687564800000,2023-06-24,607674556,
1687651200000,2023-06-25,612410245,
1687737600000,2023-06-26,600837208,
1687824000000,2023-06-27,600246022,
1687910400000,2023-06-28,600466641,
1687996800000,2023-06-29,600810572,
1688083200000,2023-06-30,601364493,
1688169600000,2023-07-01,613923039,
1688256000000,2023-07-02,619945332,
1688342400000,2023-07-03,620722175,
1688428800000,2023-07-04,623385735,
1688515200000,2023-07-05,627142636,
1688601600000,2023-07-06,617202745,
1688688000000,2023-07-07,620383005,
1688774400000,2023-07-08,621560217,
1688860800000,2023-07-09,623642733,
1688947200000,2023-07-10,625240751,
1689033600000,2023-07-11,623406882,
1689120000000,2023-07-12,628820830,
1689206400000,2023-07-13,629000977,
1689292800000,2023-07-14,623944070,
1689379200000,2023-07-15,634737925,
1689465600000,2023-07-16,637252971,
1689552000000,2023-07-17,647085502,
1689638400000,2023-07-18,642920318,
1689724800000,2023-07-19,645038051,
1689811200000,2023-07-20,648967820,
1689897600000,2023-07-21,652015809,
1689984000000,2023-07-22,654323690,
1690070400000,2023-07-23,663912493,
1690156800000,2023-07-24,663482267,
1690243200000,2023-07-25,669661011,
1690329600000,2023-07-26,672607697,
1690416000000,2023-07-27,677755863,
1690502400000,2023-07-28,608808284,
1690588800000,2023-07-29,628378377,
1690675200000,2023-07-30,627949215,
1690761600000,2023-07-31,634656389,
1690848000000,2023-08-01,630062072,
1690934400000,2023-08-02,634690964,
1691020800000,2023-08-03,633931105,
1691107200000,2023-08-04,632727849,
1691193600000,2023-08-05,633363514,
1691280000000,2023-08-06,624954071,
1691366400000,2023-08-07,629712186,
1691452800000,2023-08-08,630983723,
1691539200000,2023-08-09,633071400,
1691625600000,2023-08-10,631560199,
1691712000000,2023-08-11,627118564,
1691798400000,2023-08-12,629184259,
1691884800000,2023-08-13,626661146,
1691971200000,2023-08-14,627728452,
1692057600000,2023-08-15,611919942,
1692144000000,2023-08-16,610688121,
1692230400000,2023-08-17,611941906,
1692316800000,2023-08-18,612504199,
1692403200000,2023-08-19,599696521,
1692489600000,2023-08-20,601619086,
1692576000000,2023-08-21,603705329,
1692662400000,2023-08-22,603772198,
1692748800000,2023-08-23,607483166,
1692835200000,2023-08-24,593419065,
1692921600000,2023-08-25,595956516,
1693008000000,2023-08-26,598343612,
1693094400000,2023-08-27,599196751,
1693180800000,2023-08-28,601597469,
1693267200000,2023-08-29,601441908,
1693353600000,2023-08-30,601484412,
1693440000000,2023-08-31,603839825,
1693526400000,2023-09-01,584230943,
1693612800000,2023-09-02,579572293,
1693699200000,2023-09-03,581448785,
1693785600000,2023-09-04,580028214,
1693872000000,2023-09-05,578837230,
1693958400000,2023-09-06,578799203,
1694044800000,2023-09-07,569188028,
1694131200000,2023-09-08,570096621,
1694217600000,2023-09-09,569689309,
1694304000000,2023-09-10,571075178,
1694390400000,2023-09-11,572320710,
1694476800000,2023-09-12,575587813,
1694563200000,2023-09-13,575312200,
1694649600000,2023-09-14,575807337,
1694736000000,2023-09-15,576127468,
1694822400000,2023-09-16,575302924,
1694908800000,2023-09-17,578555919,
1694995200000,2023-09-18,577858492,
1695081600000,2023-09-19,580063025,
1695168000000,2023-09-20,579573564,
1695254400000,2023-09-21,573380134,
1695340800000,2023-09-22,572904038,
1695427200000,2023-09-23,580811324,
1695513600000,2023-09-24,581788778,
1695600000000,2023-09-25,583299701,
1695686400000,2023-09-26,584079162,
1695772800000,2023-09-27,583270144,
1695859200000,2023-09-28,574541662,
1695945600000,2023-09-29,569926405,
1696032000000,2023-09-30,569389016,
1696118400000,2023-10-01,570692714,
1696204800000,2023-10-02,570216505,
1696291200000,2023-10-03,569971236,
1696377600000,2023-10-04,566717722,
1696464000000,2023-10-05,565737006,
1696550400000,2023-10-06,565556260,
1696636800000,2023-10-07,565634941,
1696723200000,2023-10-08,564932571,
1696809600000,2023-10-09,564715692,
1696896000000,2023-10-10,565438998,
1696982400000,2023-10-11,566690299,
1697068800000,2023-10-12,557705122,
1697155200000,2023-10-13,556032907,
1697241600000,2023-10-14,556455832,
1697328000000,2023-10-15,556022553,
1697414400000,2023-10-16,556848546,
1697500800000,2023-10-17,560231398,
1697587200000,2023-10-18,561005968,
1697673600000,2023-10-19,560280766,
1697760000000,2023-10-20,561097578,
1697846400000,2023-10-21,558690466,
1697932800000,2023-10-22,558740863,
1698019200000,2023-10-23,563144832,
1698105600000,2023-10-24,559361221,
1698192000000,2023-10-25,562250967,
1698278400000,2023-10-26,563768697,
1698364800000,2023-10-27,570043467,
1698451200000,2023-10-28,565986771,
1698537600000,2023-10-29,566369850,
1698624000000,2023-10-30,567019121,
1698710400000,2023-10-31,566957366,
1698796800000,2023-11-01,570084985,
1698883200000,2023-11-02,573895065,
1698969600000,2023-11-03,569090041,
1699056000000,2023-11-04,571616646,
1699142400000,2023-11-05,570398778,
1699228800000,2023-11-06,568873562,
1699315200000,2023-11-07,574988284,
1699401600000,2023-11-08,583190901,
1699488000000,2023-11-09,584893544,
1699574400000,2023-11-10,583982382,
1699660800000,2023-11-11,580776759,
1699747200000,2023-11-12,582368344,
1699833600000,2023-11-13,584053875,
1699920000000,2023-11-14,572666191,
1700006400000,2023-11-15,577795267,
1700092800000,2023-11-16,575323351,
1700179200000,2023-11-17,578083159,
1700265600000,2023-11-18,578355228,
1700352000000,2023-11-19,579454184,
1700438400000,2023-11-20,578567477,
1700524800000,2023-11-21,569954742,
1700611200000,2023-11-22,568919358,
1700697600000,2023-11-23,570970785,
1700784000000,2023-11-24,570439418,
1700870400000,2023-11-25,569952550,
1700956800000,2023-11-26,571504008,
1701043200000,2023-11-27,576418501,
1701129600000,2023-11-28,569678142,
1701216000000,2023-11-29,572305272,
1701302400000,2023-11-30,576253890,
1701388800000,2023-12-01,575995146,
1701475200000,2023-12-02,574656697,
1701561600000,2023-12-03,572902077,
1701648000000,2023-12-04,573627160,
1701734400000,2023-12-05,575237377,
1701820800000,2023-12-06,575210502,
1701907200000,2023-12-07,582490294,
1701993600000,2023-12-08,579573019,
1702080000000,2023-12-09,580715368,
1702166400000,2023-12-10,593138760,
1702252800000,2023-12-11,594027118,
1702339200000,2023-12-12,594022766,
1702425600000,2023-12-13,596397904,
1702512000000,2023-12-14,589064122,
1702598400000,2023-12-15,583251456,
1702684800000,2023-12-16,585972783,
1702771200000,2023-12-17,587838414,
1702857600000,2023-12-18,585541052,
1702944000000,2023-12-19,587659241,
1703030400000,2023-12-20,602824644,
1703116800000,2023-12-21,602696668,
1703203200000,2023-12-22,596563983,
1703289600000,2023-12-23,606276123,
1703376000000,2023-12-24,605727710,
1703462400000,2023-12-25,606205266,
1703548800000,2023-12-26,606219625,
1703635200000,2023-12-27,613085182,
1703721600000,2023-12-28,610279992,
1703808000000,2023-12-29,613438490,
1703894400000,2023-12-30,617474383,
1703980800000,2023-12-31,613564807,
1704067200000,2024-01-01,617869658,
1704153600000,2024-01-02,618213921,
1704240000000,2024-01-03,614274617,
1704326400000,2024-01-04,619778212,
1704412800000,2024-01-05,618406682,
1704499200000,2024-01-06,612483314,
1704585600000,2024-01-07,612660626,
1704672000000,2024-01-08,609864029,
1704758400000,2024-01-09,607578253,
1704844800000,2024-01-10,606553720,
1704931200000,2024-01-11,606636384,
1705017600000,2024-01-12,609070657,
1705104000000,2024-01-13,605812010,
1705190400000,2024-01-14,607966932,
1705276800000,2024-01-15,609920462,
1705363200000,2024-01-16,609985226,
1705449600000,2024-01-17,610834818,
1705536000000,2024-01-18,610014158,
1705622400000,2024-01-19,605281696,
1705708800000,2024-01-20,603975828,
1705795200000,2024-01-21,603740317,
1705881600000,2024-01-22,606309153,
1705968000000,2024-01-23,609819051,
1706054400000,2024-01-24,611906100,
1706140800000,2024-01-25,604350975,
1706227200000,2024-01-26,603501853,
1706313600000,2024-01-27,602653566,
1706400000000,2024-01-28,602808844,
1706486400000,2024-01-29,604159601,
1706572800000,2024-01-30,600804091,
1706659200000,2024-01-31,600831902,
1706745600000,2024-02-01,599193505,
1706832000000,2024-02-02,607950582,
1706918400000,2024-02-03,608123438,
1707004800000,2024-02-04,608085981,
1707091200000,2024-02-05,606434957,
1707177600000,2024-02-06,609467185,
1707264000000,2024-02-07,606320142,
1707350400000,2024-02-08,609022926,
1707436800000,2024-02-09,608341169,
1707523200000,2024-02-10,609743919,
1707609600000,2024-02-11,607662194,
1707696000000,2024-02-12,610361288,
1707782400000,2024-02-13,606534433,
1707868800000,2024-02-14,610861582,
1707955200000,2024-02-15,616506472,
1708041600000,2024-02-16,610426174,
1708128000000,2024-02-17,618743270,
1708214400000,2024-02-18,623813724,
1708300800000,2024-02-19,629025702,
1708387200000,2024-02-20,634630633,
1708473600000,2024-02-21,643785763,
1708560000000,2024-02-22,647331319,
1708646400000,2024-02-23,645847153,
1708732800000,2024-02-24,649437797,
1708819200000,2024-02-25,650909035,
1708905600000,2024-02-26,654482227,
1708992000000,2024-02-27,653900503,
1709078400000,2024-02-28,657903735,
1709164800000,2024-02-29,661592719,
1709251200000,2024-03-01,660333933,
1709337600000,2024-03-02,657523373,
1709424000000,2024-03-03,658524444,
1709510400000,2024-03-04,662080672,
1709596800000,2024-03-05,666851975,
1709683200000,2024-03-06,674904068,
1709769600000,2024-03-07,676146788,
1709856000000,2024-03-08,674827979,
1709942400000,2024-03-09,677954053,
1710028800000,2024-03-10,684326923,
1710115200000,2024-03-11,687099287,
1710201600000,2024-03-12,687387164,
1710288000000,2024-03-13,689965461,
1710374400000,2024-03-14,691313667,
1710460800000,2024-03-15,692516503,
1710547200000,2024-03-16,692678197,
1710633600000,2024-03-17,700343307,
1710720000000,2024-03-18,701787442,
1710806400000,2024-03-19,702505391,
1710892800000,2024-03-20,715791479,
1710979200000,2024-03-21,717752339,
1711065600000,2024-03-22,732957900,
1711152000000,2024-03-23,741711105,
1711238400000,2024-03-24,752697130,
1711324800000,2024-03-25,751851048,
1711411200000,2024-03-26,753369201,
1711497600000,2024-03-27,767419607,
1711584000000,2024-03-28,780030127,
1711670400000,2024-03-29,799353097,
1711756800000,2024-03-30,798441286,
1711843200000,2024-03-31,810902176,
1711929600000,2024-04-01,809822625,
1712016000000,2024-04-02,829053489,
1712102400000,2024-04-03,846750217,
1712188800000,2024-04-04,845640527,
1712275200000,2024-04-05,858441787,
1712361600000,2024-04-06,874728920,
1712448000000,2024-04-07,873151286,
1712534400000,2024-04-08,885380938,
1712620800000,2024-04-09,884407743,
1712707200000,2024-04-10,888302371,
1712793600000,2024-04-11,900586492,
1712880000000,2024-04-12,900243884,
1712966400000,2024-04-13,934842413,
1713052800000,2024-04-14,944288910,
1713139200000,2024-04-15,956610074,
1713225600000,2024-04-16,959467447,
1713312000000,2024-04-17,963273028,
1713398400000,2024-04-18,744219822,
1713484800000,2024-04-19,757242616,
1713571200000,2024-04-20,761073729,
1713657600000,2024-04-21,987432468,
1713744000000,2024-04-22,989896325,
1713830400000,2024-04-23,983804242,
1713916800000,2024-04-24,998420628,
1714003200000,2024-04-25,1004417804,
1714089600000,2024-04-26,1005161141,
1714176000000,2024-04-27,1004813858,
1714262400000,2024-04-28,1007591136,
1714348800000,2024-04-29,1016885296,
1714435200000,2024-04-30,1018655577,
1714521600000,2024-05-01,1022724233,
1714608000000,2024-05-02,1027408512,
1714694400000,2024-05-03,1028644800,
1714780800000,2024-05-04,1035722554,
1714867200000,2024-05-05,1042861383,
1714953600000,2024-05-06,1044492932,
1715040000000,2024-05-07,1045547373,
1715126400000,2024-05-08,1033108099,
1715212800000,2024-05-09,1034348683,
1715299200000,2024-05-10,1034447318,
1715385600000,2024-05-11,1045142456,
1715472000000,2024-05-12,1039744067,
1715558400000,2024-05-13,1039650748,
1715644800000,2024-05-14,1042299099,
1715731200000,2024-05-15,1041776533,
1715817600000,2024-05-16,1052633290,
1715904000000,2024-05-17,1075110662,
1715990400000,2024-05-18,1075950616,
1716076800000,2024-05-19,1076560104,
1716163200000,2024-05-20,1076158599,
1716249600000,2024-05-21,1075265336,
1716336000000,2024-05-22,1073485488,
1716422400000,2024-05-23,1072452766,
1716508800000,2024-05-24,1080651841,
1716595200000,2024-05-25,1079923979,
1716681600000,2024-05-26,1064638854,
1716768000000,2024-05-27,1068985265,
1716854400000,2024-05-28,1072363344,
1716940800000,2024-05-29,1074562068,
1717027200000,2024-05-30,1083840626,
1717113600000,2024-05-31,1086034630,
1717200000000,2024-06-01,1091380428,
1717286400000,2024-06-02,1110632272,
1717372800000,2024-06-03,1118913456,
1717459200000,2024-06-04,1120872306,
1717545600000,2024-06-05,1121817277,
1717632000000,2024-06-06,1121812212,
1717718400000,2024-06-07,1160029749,
1717804800000,2024-06-08,1177928375,
1717891200000,2024-06-09,1193937079,
1717977600000,2024-06-10,1192967516,
1718064000000,2024-06-11,1192536422,
1718150400000,2024-06-12,1188906648,
1718236800000,2024-06-13,1190919473,
1718323200000,2024-06-14,1212828980,
1718409600000,2024-06-15,1213677134,
1718496000000,2024-06-16,1212101209,
1718582400000,2024-06-17,1212687836,
1718668800000,2024-06-18,1213180583,
1718755200000,2024-06-19,1213219894,
1718841600000,2024-06-20,1212216934,
1718928000000,2024-06-21,1200671904,
1719014400000,2024-06-22,1217279760,
1719100800000,2024-06-23,1217768635,
1719187200000,2024-06-24,1217390600,
1719273600000,2024-06-25,1219542884,
1719360000000,2024-06-26,1218352865,
1719446400000,2024-06-27,1218363656,
1719532800000,2024-06-28,1221308951,
1719619200000,2024-06-29,1225043433,
1719705600000,2024-06-30,1214348144,
1719792000000,2024-07-01,1211207712,
1719878400000,2024-07-02,1203542891,
1719964800000,2024-07-03,1203030480,
1720051200000,2024-07-04,1205934868,
1720137600000,2024-07-05,1214811287,
1720224000000,2024-07-06,1216951338,
1720310400000,2024-07-07,1217645297,
1720396800000,2024-07-08,1221208748,
1720483200000,2024-07-09,1226429195,
1720569600000,2024-07-10,1228630026,
1720656000000,2024-07-11,1228677521,
1720742400000,2024-07-12,1236801692,
1720828800000,2024-07-13,1246140637,
1720915200000,2024-07-14,1241643094,
1721001600000,2024-07-15,1243033694,
1721088000000,2024-07-16,1237149863,
1721174400000,2024-07-17,1241007430,
1721260800000,2024-07-18,1248527395,
1721347200000,2024-07-19,1256021275,
1721433600000,2024-07-20,1260151549,
1721520000000,2024-07-21,1259640823,
1721606400000,2024-07-22,1259265761,
1721692800000,2024-07-23,1268711658,
1721779200000,2024-07-24,1260712750,
1721865600000,2024-07-25,1262154859,
1721952000000,2024-07-26,1270590893,
1722038400000,2024-07-27,1262600669,
1722124800000,2024-07-28,1262446748,
1722211200000,2024-07-29,1268033547,
1722297600000,2024-07-30,1270776140,
1722384000000,2024-07-31,1275503225,
1722470400000,2024-08-01,1271286247,
1722556800000,2024-08-02,1275833346,
1722643200000,2024-08-03,1287409482,
1722729600000,2024-08-04,1283525911,
1722816000000,2024-08-05,1291148750,
1722902400000,2024-08-06,1321368696,
1722988800000,2024-08-07,1319171449,
1723075200000,2024-08-08,1327285300,
1723161600000,2024-08-09,1298097195,
1723248000000,2024-08-10,1292107407,
1723334400000,2024-08-11,1294979212,
1723420800000,2024-08-12,1298348609,
1723507200000,2024-08-13,1298514919,
1723593600000,2024-08-14,1307244999,
1723680000000,2024-08-15,1308137925,
1723766400000,2024-08-16,1313546388,
1723852800000,2024-08-17,1313182643,
1723939200000,2024-08-18,1314253514,
1724025600000,2024-08-19,1319055033,
1724112000000,2024-08-20,1320313475,
1724198400000,2024-08-21,1309963050,
1724284800000,2024-08-22,1318418271,
1724371200000,2024-08-23,1318236931,
1724457600000,2024-08-24,1320240102,
1724544000000,2024-08-25,1318681709,
1724630400000,2024-08-26,1318674278,
1724716800000,2024-08-27,1328927459,
1724803200000,2024-08-28,1327476265,
1724889600000,2024-08-29,1337349541,
1724976000000,2024-08-30,1343165924,
1725062400000,2024-08-31,1347386098,
1725148800000,2024-09-01,1346420639,
1725235200000,2024-09-02,1353874187,
1725321600000,2024-09-03,1350978710,
1725408000000,2024-09-04,1351685579,
1725494400000,2024-09-05,1345843245,
1725580800000,2024-09-06,1338901082,
1725667200000,2024-09-07,1337692890,
1725753600000,2024-09-08,1343575250,
1725840000000,2024-09-09,1344862821,
1725926400000,2024-09-10,1347404665,
1726012800000,2024-09-11,1345746446,
1726099200000,2024-09-12,1346224053,
1726185600000,2024-09-13,1346768396,
1726272000000,2024-09-14,1351350305,
1726358400000,2024-09-15,1355930138,
1726444800000,2024-09-16,1361633152,
1726531200000,2024-09-17,1360853808,
1726617600000,2024-09-18,1362472610,
1726704000000,2024-09-19,1361574695,
1726790400000,2024-09-20,1363766463,
1726876800000,2024-09-21,1363887929,
1726963200000,2024-09-22,1365479339,
1727049600000,2024-09-23,1364134403,
1727136000000,2024-09-24,1359830092,
1727222400000,2024-09-25,1356050900,
1727308800000,2024-09-26,1357553375,
1727395200000,2024-09-27,1355302686,
1727481600000,2024-09-28,1355759357,
1727568000000,2024-09-29,1357750639,
1727654400000,2024-09-30,1356020060,
1727740800000,2024-10-01,1359261237,
1727827200000,2024-10-02,1285092387,
1727913600000,2024-10-03,1284229261,
1728000000000,2024-10-04,1281319172,
1728086400000,2024-10-05,1210146218,
1728172800000,2024-10-06,1212877431,
1728259200000,2024-10-07,1205593256,
1728345600000,2024-10-08,1204055216,
1728432000000,2024-10-09,1183357883,
1728518400000,2024-10-10,1176721386,
1728604800000,2024-10-11,1176625529,
1728691200000,2024-10-12,1142567346,
1728777600000,2024-10-13,1141196257,
1728864000000,2024-10-14,1144450393,
1728950400000,2024-10-15,1141278422,
1729036800000,2024-10-16,1140816190,
1729123200000,2024-10-17,1111568267,
1729209600000,2024-10-18,1116951969,
1729296000000,2024-10-19,1109759211,
1729382400000,2024-10-20,1108154849,
1729468800000,2024-10-21,1106378624,
1729555200000,2024-10-22,1059446273,
1729641600000,2024-10-23,1058205215,
1729728000000,2024-10-24,1058850058,
1729814400000,2024-10-25,1054204419,
1729900800000,2024-10-26,1061556289,
1729987200000,2024-10-27,1060475936,
1730073600000,2024-10-28,1058345455,
1730160000000,2024-10-29,1002623935,
1730246400000,2024-10-30,1010875061,
1730332800000,2024-10-31,1011104681,
1730419200000,2024-11-01,1011962202,
1730505600000,2024-11-02,1012104865,
1730592000000,2024-11-03,1182994116,
1730678400000,2024-11-04,1185127106,
1730764800000,2024-11-05,1188331902,
1730851200000,2024-11-06,1190419957,
1730937600000,2024-11-07,1210897574,
1731024000000,2024-11-08,1213153531,
1731110400000,2024-11-09,1223215326,
1731196800000,2024-11-10,1226528111,
1731283200000,2024-11-11,1239601873,
1731369600000,2024-11-12,1236893682,
1731456000000,2024-11-13,1254227329,
1731542400000,2024-11-14,1286922967,
1731628800000,2024-11-15,1293628521,
1731715200000,2024-11-16,1266999473,
1731801600000,2024-11-17,1268402656,
1731888000000,2024-11-18,1274814692,
1731974400000,2024-11-19,1278694009,
1732060800000,2024-11-20,1272278147,
1732147200000,2024-11-21,1268414688,
1732233600000,2024-11-22,1281947410,
1732320000000,2024-11-23,1286558796,
1732406400000,2024-11-24,1293639297,
1732492800000,2024-11-25,1301356391,
1732579200000,2024-11-26,1292238009,
1732665600000,2024-11-27,1291707417,
1732752000000,2024-11-28,1280677097,
1732838400000,2024-11-29,1283734736,
1732924800000,2024-11-30,1280992656,
1733011200000,2024-12-01,1289575748,
1733097600000,2024-12-02,1286988245,
1733184000000,2024-12-03,1281148805,
1733270400000,2024-12-04,1278616688,
1733356800000,2024-12-05,1263609848,
1733443200000,2024-12-06,1266260486,
1733529600000,2024-12-07,1287564513,
1733616000000,2024-12-08,1286288968,
1733702400000,2024-12-09,1284647734,
1733788800000,2024-12-10,1295783220,
1733875200000,2024-12-11,1311615577,
1733961600000,2024-12-12,1334469061,
1734048000000,2024-12-13,1337301359,
1734134400000,2024-12-14,1324018304,
1734220800000,2024-12-15,1322523919,
1734307200000,2024-12-16,1323291269,
1734393600000,2024-12-17,1335209937,
1734480000000,2024-12-18,1358411160,
1734566400000,2024-12-19,1374064545,
1734652800000,2024-12-20,1357913580,
1734739200000,2024-12-21,1363256229,
1734825600000,2024-12-22,1368422802,
1734912000000,2024-12-23,1372088538,
1734998400000,2024-12-24,1369520388,
1735084800000,2024-12-25,1380266279,
1735171200000,2024-12-26,1380635360,
1735257600000,2024-12-27,1381301018,
1735344000000,2024-12-28,1379623902,
1735430400000,2024-12-29,1385510031,
1735516800000,2024-12-30,1383351163,
1735603200000,2024-12-31,1384493621,
1735689600000,2025-01-01,1390729189,
1735776000000,2025-01-02,1365988568,
1735862400000,2025-01-03,1364874753,
1735948800000,2025-01-04,1368657028,
1736035200000,2025-01-05,1368854521,
1736121600000,2025-01-06,1369072381,
1736208000000,2025-01-07,1351769085,
1736294400000,2025-01-08,1360988906,
1736380800000,2025-01-09,1362691666,
1736467200000,2025-01-10,1371092648,
1736553600000,2025-01-11,1364320127,
1736640000000,2025-01-12,1366520620,
1736726400000,2025-01-13,1367391086,
1736812800000,2025-01-14,1366432209,
1736899200000,2025-01-15,1369756219,
1736985600000,2025-01-16,1371431095,
1737072000000,2025-01-17,1368571628,
1737158400000,2025-01-18,1267830889,
1737244800000,2025-01-19,1260209130,
1737331200000,2025-01-20,1244759020,
1737417600000,2025-01-21,1207479534,
1737504000000,2025-01-22,1207932100,
1737590400000,2025-01-23,1213042849,4828248476
1737676800000,2025-01-24,1225847777,4808575868
1737763200000,2025-01-25,1223951012,4911559336
1737849600000,2025-01-26,1222490279,4804122937
1737936000000,2025-01-27,1222639947,4720242902
1738022400000,2025-01-28,1146721449,4585637689
1738108800000,2025-01-29,1149438906,5301745542
1738195200000,2025-01-30,1046980475,4498826569
1738281600000,2025-01-31,1050920834,4629563817
1738368000000,2025-02-01,1057321586,4657534825
1738454400000,2025-02-02,1059333257,4480446173
1738540800000,2025-02-03,1069373655,3908318046
1738627200000,2025-02-04,1092965160,4161960701
1738713600000,2025-02-05,1102184372,4001132622
1738800000000,2025-02-06,1008508668,3917870281
1738886400000,2025-02-07,923695279,3863088716
1738972800000,2025-02-08,829122710,3843852717
1739059200000,2025-02-09,832341301,3869057819
1739145600000,2025-02-10,836262359,3872235865
1739232000000,2025-02-11,839804315,3967757954
1739318400000,2025-02-12,748803323,3865517452
1739404800000,2025-02-13,749468490,3852626622
1739491200000,2025-02-14,743209944,3808249548
1739577600000,2025-02-15,744231001,3797693078
1739664000000,2025-02-16,743822482,4519916749
1739750400000,2025-02-17,748221945,3741135416
1739836800000,2025-02-18,676304999,3783628093
1739923200000,2025-02-19,675521290,3569679355
1740009600000,2025-02-20,674194526,3612455417
1740096000000,2025-02-21,674242259,3658657362
1740182400000,2025-02-22,685010811,3462184437
1740268800000,2025-02-23,764671215,3672602789
1740355200000,2025-02-24,769312043,3661699327
1740441600000,2025-02-25,770779496,3418331144
1740528000000,2025-02-26,771913803,4064904790
1740614400000,2025-02-27,765824910,3208823043
1740700800000,2025-02-28,763767035,3157894980
1740787200000,2025-03-01,755634959,3092347700
1740873600000,2025-03-02,753375377,3078808555
1740960000000,2025-03-03,753489236,3375003791
1741046400000,2025-03-04,755692462,3000360602
1741132800000,2025-03-05,752853398,3644045384
1741219200000,2025-03-06,746392067,3063907665
1741305600000,2025-03-07,750019651,3030054880
1741392000000,2025-03-08,757176861,2972606708
1741478400000,2025-03-09,756990395,3021999645
1741564800000,2025-03-10,760629061,2825485421
1741651200000,2025-03-11,757055069,2706178736
1741737600000,2025-03-12,758392778,2790781581
1741824000000,2025-03-13,756776479,2747403397
1741910400000,2025-03-14,753734302,2750754134
1741996800000,2025-03-15,757760603,2790242715
1742083200000,2025-03-16,766962447,2853088085
1742169600000,2025-03-17,766215946,2781239785
1742256000000,2025-03-18,763946294,2762136295
1742342400000,2025-03-19,767213607,2729484617
1742428800000,2025-03-20,754466643,3433745440
1742515200000,2025-03-21,756322014,2780262798
1742601600000,2025-03-22,762063714,2764169414
1742688000000,2025-03-23,761642795,2783106243
1742774400000,2025-03-24,761229124,2786501191
1742860800000,2025-03-25,760380186,2891834133
1742947200000,2025-03-26,761552236,2878028730
1743033600000,2025-03-27,775794035,3313823990
1743120000000,2025-03-28,773019757,2634024461
1743206400000,2025-03-29,770253159,2634024461
1743292800000,2025-03-30,771589581,2552393622
1743379200000,2025-03-31,771520003,2552904318
1743465600000,2025-04-01,774253489,2509377158
1743552000000,2025-04-02,775353484,2621501101
1743638400000,2025-04-03,764217841,2537051733
1743724800000,2025-04-04,769746239,3054248140
1743811200000,2025-04-05,774741278,2554032724
1743897600000,2025-04-06,772187917,2554032724
1743984000000,2025-04-07,773205553,2554032724
1744070400000,2025-04-08,741051085,2554032724
1744156800000,2025-04-09,684738950,2554032724
1744243200000,2025-04-10,692654967,2554032724
1744329600000,2025-04-11,695936509,2565791910
1744416000000,2025-04-12,710226779,2565791910
1744502400000,2025-04-13,708914229,2565791910
1744588800000,2025-04-14,710740744,2565791910
1744675200000,2025-04-15,712974358,2565791910
1744761600000,2025-04-16,727196237,2565791910
1744848000000,2025-04-17,631050022,2603659252
1744934400000,2025-04-18,624188636,2600056430
1745020800000,2025-04-19,619122362,2540786799
1745107200000,2025-04-20,617980632,2716796142
1745193600000,2025-04-21,603420159,3181396974
1745280000000,2025-04-22,605489867,2630748005
1745366400000,2025-04-23,605964940,2753042799
1745452800000,2025-04-24,556233452,3169863212
1745539200000,2025-04-25,572669151,3051347545
1745625600000,2025-04-26,583448573,2638320168
1745712000000,2025-04-27,593403774,3245108571
1745798400000,2025-04-28,592571080,2665237513
1745884800000,2025-04-29,535754372,2661825852
1745971200000,2025-04-30,542962359,2626914191
1746057600000,2025-05-01,542103378,2576942832
1746144000000,2025-05-02,573139951,2562588530
1746230400000,2025-05-03,573217096,2558570017
1746316800000,2025-05-04,570809784,2512899691
1746403200000,2025-05-05,571237664,3000975281
1746489600000,2025-05-06,580828837,2444815463
1746576000000,2025-05-07,514128278,2431358189
1746662400000,2025-05-08,514488645,2426297797
1746748800000,2025-05-09,513743934,2659884970
1746835200000,2025-05-10,506530349,3454658018
1746921600000,2025-05-11,515190145,2924833071
1747008000000,2025-05-12,521192521,2942536566
1747094400000,2025-05-13,518301814,2947334696
1747180800000,2025-05-14,518119061,3768040773
1747267200000,2025-05-15,519923181,2961731631
1747353600000,2025-05-16,522873045,2847935858
1747440000000,2025-05-17,528813753,2847935858
1747526400000,2025-05-18,529859365,2738713378
1747612800000,2025-05-19,535220559,2738713378
1747699200000,2025-05-20,534391490,2923164443
1747785600000,2025-05-21,536289495,3071012525
1747872000000,2025-05-22,542209166,2994653871
1747958400000,2025-05-23,538572493,3150794924
1748044800000,2025-05-24,551260525,3041558992
1748131200000,2025-05-25,551767168,3079710131
1748217600000,2025-05-26,552004420,3829739190
1748304000000,2025-05-27,550361413,3121202179
1748390400000,2025-05-28,550859163,3414822550
1748476800000,2025-05-29,570314907,3395920096
1748563200000,2025-05-30,571190894,3497566170
1748649600000,2025-05-31,571949024,3497566170
1748736000000,2025-06-01,572290084,3497566170
1748822400000,2025-06-02,570865568,2755152671
1748908800000,2025-06-03,594395252,2755152671
1748995200000,2025-06-04,569021940,2755152671
1749081600000,2025-06-05,562251006,2755152671
1749168000000,2025-06-06,565655421,2614480881
1749254400000,2025-06-07,578302015,2662454634
1749340800000,2025-06-08,576370904,3443127284
1749427200000,2025-06-09,576243618,2702608844
1749513600000,2025-06-10,573585179,2745654738
1749600000000,2025-06-11,563924288,2801677917
1749686400000,2025-06-12,561421664,2763861228
1749772800000,2025-06-13,560202456,2633478082
1749859200000,2025-06-14,565240685,2604764591
1749945600000,2025-06-15,564215388,2571252125
1750032000000,2025-06-16,560623019,3298872761
1750118400000,2025-06-17,561674770,2577691109
1750204800000,2025-06-18,556547357,2492011602
1750291200000,2025-06-19,547396875,2516181121
1750377600000,2025-06-20,548056298,3207856316
1750464000000,2025-06-21,546784744,2409657239
1750550400000,2025-06-22,554515129,2368798675
1750636800000,2025-06-23,554177955,2300030495
1750723200000,2025-06-24,567294339,2450749487
1750809600000,2025-06-25,569522849,2465335603
1750896000000,2025-06-26,571013421,2412557886
1750982400000,2025-06-27,574781338,2401547069
1751068800000,2025-06-28,681554380,2418903780
1751155200000,2025-06-29,681743711,2454851399
1751241600000,2025-06-30,678485527,2495809096
1751328000000,2025-07-01,671143390,2416693136
1751414400000,2025-07-02,645862914,2385272112
1751500800000,2025-07-03,678585129,2494966997
1751587200000,2025-07-04,674057876,2542828460
1751673600000,2025-07-05,676974143,2464245311
1751760000000,2025-07-06,676411921,2448735897
1751846400000,2025-07-07,673389615,2499274167
1751932800000,2025-07-08,670660009,2471339927
1752019200000,2025-07-09,670229011,3231822121
1752105600000,2025-07-10,674708850,2573355839
1752192000000,2025-07-11,679847369,NaN
1752278400000,2025-07-12,686310060,2715079519
1752364800000,2025-07-13,687717647,2720335214
1752451200000,2025-07-14,664992008,2766548877
1752537600000,2025-07-15,661213765,2719476495
1752624000000,2025-07-16,659322716,2766746640
1752710400000,2025-07-17,654935646,2881449533
1752796800000,2025-07-18,656473295,2914508638
1752883200000,2025-07-19,654907940,2956591600
1752969600000,2025-07-20,653398523,2988431072
1753056000000,2025-07-21,651976194,3086770238
1753142400000,2025-07-22,668971830,3101820528
1753228800000,2025-07-23,660841198,3174950901
1753315200000,2025-07-24,660952752,3119374541
1753401600000,2025-07-25,640994788,2133410236
1753488000000,2025-07-26,634462801,2176312113
1753574400000,2025-07-27,633693618,2178722070
1753660800000,2025-07-28,633801003,2212912925
1753747200000,2025-07-29,629011873,2160387846
1753833600000,2025-07-30,634787255,2094813500
1753920000000,2025-07-31,638404811,3168005470
1754006400000,2025-08-01,635844566,2084557673
1754092800000,2025-08-02,632373418,2010074179
1754179200000,2025-08-03,632592951,2010074179
1754265600000,2025-08-04,633821485,2998813828
1754352000000,2025-08-05,630746095,1975015368
1754438400000,2025-08-06,628734623,1963259876
1754524800000,2025-08-07,627726836,1984755943
1754611200000,2025-08-08,634782719,2044468784
1754697600000,2025-08-09,604749252,2049882346
1754784000000,2025-08-10,602992987,2145482510
1754870400000,2025-08-11,601591650,2125981271
1754956800000,2025-08-12,599817508,2090181310
1755043200000,2025-08-13,602157564,2191251746
1755129600000,2025-08-14,615063905,2209115384
1755216000000,2025-08-15,620301947,2105109776
1755302400000,2025-08-16,619922648,2066983815
1755388800000,2025-08-17,619314371,2076142086
1755475200000,2025-08-18,598711281,2100593104
1755561600000,2025-08-19,608120705,2027799522
1755648000000,2025-08-20,600034334,1974439508
1755734400000,2025-08-21,599393630,2109198870
1755820800000,2025-08-22,598736887,2075009652
1755907200000,2025-08-23,597443519,2068984476
1755993600000,2025-08-24,605568708,2198670107
1756080000000,2025-08-25,607131530,2138211677
1756166400000,2025-08-26,650343416,2073487312
1756252800000,2025-08-27,653645667,2157531177
1756339200000,2025-08-28,654236034,2154232390
1756425600000,2025-08-29,655279301,2157171736
1756512000000,2025-08-30,654637377,2093126515
1756598400000,2025-08-31,655465313,2101913187
1756684800000,2025-09-01,653274321,2099807514
1756771200000,2025-09-02,639643070,2034036401
1756857600000,2025-09-03,639326458,2057392658
1756944000000,2025-09-04,638096735,2086207363
1757030400000,2025-09-05,635712563,2063839141
1757116800000,2025-09-06,635076986,2056505164
1757203200000,2025-09-07,635464738,2092767864
1757289600000,2025-09-08,632384163,2100499168
1757376000000,2025-09-09,635684511,2257205724
1757462400000,2025-09-10,635475193,2368196550
1757548800000,2025-09-11,644457787,2389941909
1757635200000,2025-09-12,645304191,2343914666
1757721600000,2025-09-13,640346915,2371257992
1757808000000,2025-09-14,643288743,2378608085
1757894400000,2025-09-15,640385346.3299999,